﻿<?xml version="1.0" encoding="utf-8"?>
<DacOrigin xmlns="http://schemas.microsoft.com/sqlserver/dac/Serialization/2012/02">
  <PackageProperties>
    <Version>3.1.0.0</Version>
    <ContainsExportedData>true</ContainsExportedData>
    <StreamVersions>
      <Version StreamName="Data">2.0.0.0</Version>
      <Version StreamName="DeploymentContributors">1.0.0.0</Version>
    </StreamVersions>
  </PackageProperties>
  <Operation>
    <Identity>0fcf5bfc-775b-4af9-bc25-d51606da7d4d</Identity>
    <Start>2025-04-14T16:20:42.7810208+03:00</Start>
    <End>0001-01-01T00:00:00.0000000</End>
    <ProductName>Microsoft.SqlServer.Dac, Version=162.0.0.0, Culture=neutral, PublicKeyToken=b03f5f7f11d50a3a</ProductName>
    <ProductVersion>162.3.566.1</ProductVersion>
    <ProductSchema>http://schemas.microsoft.com/sqlserver/dac/Serialization/2012/02</ProductSchema>
  </Operation>
  <Server>
    <ServerVersion>Microsoft SQL Server 2022 (RTM) - 16.0.1000.6 (X64) 
	Oct  8 2022 05:58:25 
	Copyright (C) 2022 Microsoft Corporation
	Express Edition (64-bit) on Windows 10 Pro 10.0 &lt;X64&gt; (Build 26100: ) (Hypervisor)
</ServerVersion>
    <ObjectCounts>
      <CheckConstraint>1</CheckConstraint>
      <DatabaseOptions>1</DatabaseOptions>
      <DefaultConstraint>37</DefaultConstraint>
      <ForeignKeyConstraint>45</ForeignKeyConstraint>
      <PermissionStatement>2</PermissionStatement>
      <PrimaryKeyConstraint>28</PrimaryKeyConstraint>
      <SimpleColumn>243</SimpleColumn>
      <Table>28</Table>
      <UniqueConstraint>6</UniqueConstraint>
    </ObjectCounts>
  </Server>
  <ExportStatistics>
    <SourceDatabaseSize>14528</SourceDatabaseSize>
    <TableRowCountTotalTag>39</TableRowCountTotalTag>
  </ExportStatistics>
  <Checksums>
    <Checksum Uri="/model.xml">E0093F2FA0580FF79C44BB6250DC34DBCCD1DC1808C674C8DF58767D542F4257</Checksum>
  </Checksums>
  <ModelSchemaVersion>2.9</ModelSchemaVersion>
  <DataPhaseTables>dbo.Admins,dbo.Lookup_Types,dbo.Lookup_Items,dbo.Categories,dbo.Chats,dbo.Clients,dbo.DeliveryLocations,dbo.Discount_Categories,dbo.Discount_items,dbo.Orders,dbo.Discounts,dbo.Drivers,dbo.Issues_Suggestions,dbo.ItemOptions,dbo.Items,dbo.Notifications,dbo.Options,dbo.Order_Items,dbo.Orders_History,dbo.Payments,dbo.Permissions,dbo.Ratings,dbo.Reports,dbo.Role_Permissions,dbo.Roles,dbo.User_Issues_Suggestions,dbo.User_Notifications,dbo.Users</DataPhaseTables>
</DacOrigin>